{
    "dist_coeffs": [
        [
            0.04915456513956285,
            0.49919738228966537,
            -0.001810354509440282,
            0.00505771863420102,
            -1.709536241216781
        ]
    ],
    "intr_after": [
        [
            610.6146328998925,
            0.0,
            337.320800660623
        ],
        [
            0.0,
            616.4285204836028,
            234.88623253304985
        ],
        [
            0.0,
            0.0,
            1.0
        ]
    ],
    "intr_before": [
        [
            616.9521484375,
            0.0,
            324.2396240234375
        ],
        [
            0.0,
            617.112548828125,
            239.48379516601562
        ],
        [
            0.0,
            0.0,
            1.0
        ]
    ],
    "serial_num": "745212070452"
}