{
    "dist_coeffs": [
        [
            0.04711540836788041,
            0.605845906937035,
            0.0007447419623724516,
            0.003145325397383909,
            -2.460366287134185
        ]
    ],
    "intr_after": [
        [
            613.3076127388746,
            0.0,
            329.001738115027
        ],
        [
            0.0,
            616.6916478213925,
            236.89641856082756
        ],
        [
            0.0,
            0.0,
            1.0
        ]
    ],
    "intr_before": [
        [
            617.1035766601562,
            0.0,
            328.6126708984375
        ],
        [
            0.0,
            617.1975708007812,
            234.39453125
        ],
        [
            0.0,
            0.0,
            1.0
        ]
    ],
    "serial_num": "740112071376"
}