{
    "dist_coeffs": [
        [
            0.07654996638975317,
            0.11996319133308235,
            0.00019074559728658204,
            -0.0013975386550912731,
            -0.9319831408305264
        ]
    ],
    "intr_after": [
        [
            604.7784978964365,
            0.0,
            325.00152726722206
        ],
        [
            0.0,
            609.9418184845301,
            232.75950954012004
        ],
        [
            0.0,
            0.0,
            1.0
        ]
    ],
    "intr_before": [
        [
            617.1035766601562,
            0.0,
            328.6126708984375
        ],
        [
            0.0,
            617.1975708007812,
            234.39453125
        ],
        [
            0.0,
            0.0,
            1.0
        ]
    ],
    "serial_num": "740112071376"
}